Imagem;SIFT_SIFT_Inliers;SIFT_SIFT_Outliers;SIFT_SIFT_Diferenca;SIFT_SIFT_Tempo;SIFT_SIFT_45_Inliers;SIFT_SIFT_45_Outliers;SIFT_SIFT_45_Diferenca;SIFT_SIFT_45_Tempo;ORB_ORB_Inliers;ORB_ORB_Outliers;ORB_ORB_Diferenca;ORB_ORB_Tempo;ORB_ORB_45_Inliers;ORB_ORB_45_Outliers;ORB_ORB_45_Diferenca;ORB_ORB_45_Tempo;AKAZE_AKAZE_Inliers;AKAZE_AKAZE_Outliers;AKAZE_AKAZE_Diferenca;AKAZE_AKAZE_Tempo;AKAZE_AKAZE_45_Inliers;AKAZE_AKAZE_45_Outliers;AKAZE_AKAZE_45_Diferenca;AKAZE_AKAZE_45_Tempo;FAST_BRIEF_Inliers;FAST_BRIEF_Outliers;FAST_BRIEF_Diferenca;FAST_BRIEF_Tempo;FAST_BRIEF_45_Inliers;FAST_BRIEF_45_Outliers;FAST_BRIEF_45_Diferenca;FAST_BRIEF_45_Tempo;FAST_SIFT_Inliers;FAST_SIFT_Outliers;FAST_SIFT_Diferenca;FAST_SIFT_Tempo;FAST_SIFT_45_Inliers;FAST_SIFT_45_Outliers;FAST_SIFT_45_Diferenca;FAST_SIFT_45_Tempo;
1;24;40;21.79632480916506;0:00:03.469325;19;23;17.933696887794735;0:00:02.387018;7;132;133.3759555593094;0:00:00.123733;10;128;18.218260061670872;0:00:00.039854;41;1214;33.67464114170039;0:00:00.321381;40;1089;23.12295405422994;0:00:00.315476;1071;5331;21.717136444384753;0:00:02.322507;834;3530;17.778678548532927;0:00:00.996638;24;40;21.79632480916506;0:00:03.550631;19;23;17.933696887794735;0:00:02.402271;
2;47;34;27.514161870120088;0:00:08.168090;49;37;21.527085199682645;0:00:05.099386;10;145;54.913964008246786;0:00:00.057341;7;135;148.70198457258928;0:00:00.048223;181;2364;28.045832923717256;0:00:00.542962;130;1924;22.099235552552475;0:00:00.429763;1924;6928;27.220312065143496;0:00:03.771553;1540;4742;21.35258390437276;0:00:01.809322;47;34;27.514161870120088;0:00:08.163101;49;37;21.527085199682645;0:00:05.116508;
3;69;51;23.891861355457678;0:00:08.255228;92;29;19.241226715922135;0:00:05.584593;28;133;37.82735824629857;0:00:00.061887;31;120;19.990528522432886;0:00:00.050291;480;2248;23.725538997065996;0:00:00.568082;459;1815;19.194553329244094;0:00:00.475345;3088;6072;23.6298965275172;0:00:03.817210;2267;4230;19.156711034434057;0:00:01.755263;69;51;23.891861355457678;0:00:08.034569;92;29;19.241226715922135;0:00:05.423032;
4;20;49;33.136497692534554;0:00:05.495926;27;93;27.793363111845267;0:00:04.531558;9;137;76.23789047950696;0:00:00.057068;9;127;67.710684818082;0:00:00.048876;14;2230;59.583287525563506;0:00:00.491365;13;2002;38.122347591665154;0:00:00.465789;621;6395;32.84132419301017;0:00:03.297511;291;4661;28.805941671593597;0:00:01.550672;20;49;33.136497692534554;0:00:05.484835;27;93;27.793363111845267;0:00:04.545809;
5;51;54;26.520584419450557;0:00:05.267142;80;43;21.081508984092128;0:00:04.261025;8;140;134.2794442421364;0:00:00.051344;8;135;142.44065736111247;0:00:00.047902;323;1865;25.89557905405686;0:00:00.467595;229;1632;21.55103077866747;0:00:00.405996;1504;5437;25.719488217595444;0:00:02.773184;1052;4115;20.949868530546745;0:00:01.483075;51;54;26.520584419450557;0:00:05.317749;80;43;21.081508984092128;0:00:04.284277;
6;12;52;36.969056563018796;0:00:11.121962;11;53;28.796805963825477;0:00:07.223033;8;144;62.35794929806804;0:00:00.062603;9;149;83.63441868901624;0:00:00.052802;7;2670;67.14484901435988;0:00:00.611381;10;2461;52.511607942721135;0:00:00.574882;30;8707;46.9769267301837;0:00:05.492607;40;5850;35.76311544527229;0:00:02.279102;12;52;36.969056563018796;0:00:11.263751;11;53;28.796805963825477;0:00:07.305731;
7;7;67;80.17697006871857;0:00:14.139591;8;46;28.358588299149428;0:00:09.029241;7;131;68.9323164239201;0:00:00.067057;8;133;149.3966216712059;0:00:00.054747;8;2994;109.69099624630134;0:00:00.714168;8;2410;73.25768566685267;0:00:00.572158;24;9136;72.78775887159193;0:00:06.105316;72;6232;47.90999153998568;0:00:02.956967;7;67;80.17697006871857;0:00:14.223122;8;46;28.358588299149428;0:00:09.003198;
8;13;37;31.851367517698876;0:00:18.067732;21;35;24.315989150135486;0:00:10.479792;8;148;153.6024077117669;0:00:00.060332;8;145;179.21566944190212;0:00:00.054725;17;2370;47.99900653678029;0:00:00.540717;21;2022;34.231589776536545;0:00:00.476721;113;9502;42.03492144371321;0:00:08.450386;93;6587;49.028832587255145;0:00:04.074242;13;37;31.851367517698876;0:00:18.354072;21;35;24.315989150135486;0:00:10.452233;
9;37;72;36.02171703675191;0:00:09.978011;15;62;30.556351864595463;0:00:07.087640;9;146;117.99231606391949;0:00:00.060681;8;110;57.60504194699406;0:00:00.052699;9;2910;72.78356694142097;0:00:00.694418;9;2346;105.53190851553748;0:00:00.570628;336;6600;37.73328731787085;0:00:03.181137;261;5112;30.782282016169567;0:00:01.957153;37;72;36.02171703675191;0:00:10.235616;15;62;30.556351864595463;0:00:07.164885;
10;12;70;39.2663838354188;0:00:08.049261;12;54;29.99150398562213;0:00:04.788954;8;153;115.10508902399681;0:00:00.058253;8;151;154.91109300338815;0:00:00.047470;7;2570;70.59093546158309;0:00:00.589682;7;1993;116.70308465137403;0:00:00.451065;24;6584;57.86944785598868;0:00:03.502970;21;4652;59.19139570851581;0:00:01.826673;12;70;39.2663838354188;0:00:08.241451;12;54;29.99150398562213;0:00:04.848383;
11;18;51;37.10235232705779;0:00:09.149061;19;47;28.85009228477156;0:00:05.934628;8;139;120.08934868966702;0:00:00.057781;9;139;145.13201914649395;0:00:00.047306;6;2131;67.28009293554189;0:00:00.502246;6;1637;63.1796915348626;0:00:00.399591;40;7526;47.1008770168688;0:00:04.630862;19;5356;50.637347847819434;0:00:02.265595;18;51;37.10235232705779;0:00:09.209369;19;47;28.85009228477156;0:00:05.887351;
12;34;88;39.48651659256654;0:00:09.425470;39;87;31.623094592929313;0:00:07.053167;19;149;43.76149198098643;0:00:00.059874;19;131;36.56716849828515;0:00:00.054746;16;3119;79.91460924010795;0:00:00.784087;29;2685;58.42060948103143;0:00:00.683716;198;6960;41.907681305306824;0:00:03.544547;133;5295;41.37346117047275;0:00:01.911871;34;88;39.48651659256654;0:00:09.725147;39;87;31.623094592929313;0:00:07.170663;
13;11;75;44.415741165100435;0:00:10.388526;11;52;34.985197744180795;0:00:06.833608;8;144;111.98312912529545;0:00:00.063332;7;142;165.5396727594462;0:00:00.051987;7;3090;89.39449697530257;0:00:00.777982;9;2311;65.20734235088706;0:00:00.555522;23;7471;54.944651290948336;0:00:03.728689;21;5334;41.34021442190133;0:00:01.933719;11;75;44.415741165100435;0:00:10.494969;11;52;34.985197744180795;0:00:06.954067;
14;243;73;30.587426840260807;0:00:09.332510;218;76;23.089648459405087;0:00:05.825446;41;96;31.275763235907014;0:00:00.065601;37;111;24.28420871173782;0:00:00.050987;1596;2251;30.589379151257024;0:00:00.776869;1517;1634;22.962568244346258;0:00:00.592978;5005;5668;30.60936264661371;0:00:04.663685;3367;4168;23.21682975155804;0:00:02.216660;243;73;30.587426840260807;0:00:09.732406;218;76;23.089648459405087;0:00:05.944569;
15;655;68;22.282492478064192;0:00:10.301740;555;66;17.408982153662105;0:00:06.117617;76;95;22.605145101014788;0:00:00.063254;75;94;17.612267574606665;0:00:00.050373;2892;1571;22.22555215093441;0:00:00.736246;2557;1212;17.38254703200267;0:00:00.591512;9785;3672;22.214572824661705;0:00:04.912763;6299;3093;17.547601080555676;0:00:02.262152;655;68;22.282492478064192;0:00:10.508629;555;66;17.408982153662105;0:00:06.211544;
16;732;132;27.00112154035953;0:00:12.680617;761;96;21.117759660824042;0:00:07.724203;81;82;27.871137089616614;0:00:00.069696;77;95;21.762335905491533;0:00:00.057656;3019;2331;27.019352109672802;0:00:01.053526;2378;1999;21.260679210380204;0:00:00.793101;9966;3817;26.89692351787057;0:00:04.528239;5223;4500;21.67852430211805;0:00:02.199461;732;132;27.00112154035953;0:00:12.764628;761;96;21.117759660824042;0:00:07.866764;
17;363;93;25.305106054794862;0:00:12.019986;373;65;19.075073280893246;0:00:07.985377;60;99;27.053593013772794;0:00:00.064042;64;115;19.63994123682363;0:00:00.053230;1959;2105;24.972381030183282;0:00:00.810113;1631;1721;19.075348127512214;0:00:00.605916;7391;5066;25.43022495884224;0:00:04.960350;5437;3596;19.6428343955659;0:00:02.533564;363;93;25.305106054794862;0:00:12.201222;373;65;19.075073280893246;0:00:07.970641;
18;479;132;23.487351517056414;0:00:16.301960;568;57;18.480829275249544;0:00:09.022793;37;124;24.602869481779123;0:00:00.095444;41;113;18.67696868410085;0:00:00.078982;2118;2286;23.82683555310632;0:00:01.530806;1953;1748;18.588705534732444;0:00:00.759772;8173;4335;23.338770957920083;0:00:04.847836;5996;3210;18.522236960708703;0:00:02.302203;479;132;23.487351517056414;0:00:11.310179;568;57;18.480829275249544;0:00:07.766414;
19;100;77;26.847125741289716;0:00:08.182694;51;72;19.27799662430198;0:00:04.348625;18;133;61.32726824614626;0:00:00.054531;21;123;52.863876846560814;0:00:00.043891;516;1575;24.29804519669187;0:00:00.438057;340;1268;19.15392795280115;0:00:00.360127;2166;5687;24.65436549200314;0:00:03.315586;1256;4186;19.551689856705913;0:00:01.547074;100;77;26.847125741289716;0:00:07.793786;51;72;19.27799662430198;0:00:04.425155;
20;285;114;24.267077528900433;0:00:09.803421;275;77;18.527642508318092;0:00:06.599218;30;121;24.882148262097058;0:00:00.061360;43;104;18.98262027828047;0:00:00.053276;1639;2111;23.911898850905747;0:00:00.706739;1466;1496;18.523670732365854;0:00:00.546757;6710;5382;23.880453489998214;0:00:04.548004;5741;3432;18.627064984263818;0:00:02.488967;285;114;24.267077528900433;0:00:10.236634;275;77;18.527642508318092;0:00:06.657656;
21;44;47;21.924334795028116;0:00:08.803667;42;55;16.9694324867319;0:00:05.613703;15;105;24.808598753013275;0:00:00.052147;8;141;163.52517788876258;0:00:00.043592;219;1144;21.065704957346853;0:00:00.337519;135;897;17.209844355121216;0:00:00.293219;4537;7799;21.528621433051654;0:00:05.885737;3016;6217;17.39405389762967;0:00:03.058647;44;47;21.924334795028116;0:00:09.072237;42;55;16.9694324867319;0:00:05.703212;
22;210;171;28.44374298171889;0:00:09.370810;220;176;21.591962847937126;0:00:05.369668;32;131;27.51032094054313;0:00:00.064959;45;110;21.14900009830786;0:00:00.049868;1138;2232;27.48385328036709;0:00:00.695291;986;1770;20.95789239027943;0:00:00.533240;4207;5918;27.41557570328196;0:00:04.240827;2781;4293;20.984678512532867;0:00:01.921013;210;171;28.44374298171889;0:00:09.525956;220;176;21.591962847937126;0:00:05.394798;
23;169;226;35.803324051779164;0:00:09.769213;169;204;26.74653464798171;0:00:05.444650;17;136;39.08285067867038;0:00:00.063581;20;127;31.64497986073515;0:00:00.048975;412;2431;33.19514940717592;0:00:00.604103;467;1841;26.225171381059262;0:00:00.474710;2166;6929;32.71556559557255;0:00:03.936394;1676;4414;24.586771223766686;0:00:01.628033;169;226;35.803324051779164;0:00:09.903425;169;204;26.74653464798171;0:00:05.504482;
24;445;286;29.520929881573647;0:00:10.569783;484;254;22.88753442505826;0:00:05.890427;44;114;30.021627728908463;0:00:00.062814;45;111;23.976403344682584;0:00:00.051368;1593;2219;29.997168456746618;0:00:00.693495;1452;1825;23.052516473489415;0:00:00.573907;5919;5288;29.550067777037775;0:00:03.714601;4336;3466;22.743886566577267;0:00:01.599756;445;286;29.520929881573647;0:00:10.772587;484;254;22.88753442505826;0:00:05.949250;
25;67;51;28.22013275714774;0:00:09.684727;75;42;22.43023949732838;0:00:06.447022;25;128;29.97162087505071;0:00:00.060642;29;134;23.75095711700435;0:00:00.053185;416;2456;27.842760041593916;0:00:00.670599;423;2088;22.55034123903902;0:00:00.557779;1337;6673;27.991410523925502;0:00:04.594210;1174;4731;22.56709788278103;0:00:02.318265;67;51;28.22013275714774;0:00:09.788617;75;42;22.43023949732838;0:00:06.567610;
26;112;59;32.79720611834882;0:00:11.397846;104;57;25.529070049195468;0:00:06.989536;12;126;45.575499743153415;0:00:00.066207;8;120;140.45734131242375;0:00:00.053073;466;2802;32.61671565905727;0:00:00.824030;499;2252;25.149607253181504;0:00:00.656318;941;7263;34.004518007645856;0:00:04.827191;1077;4577;25.154267184144466;0:00:02.313321;112;59;32.79720611834882;0:00:11.597267;104;57;25.529070049195468;0:00:07.126990;
27;41;57;28.726568460346627;0:00:07.630602;45;47;23.241052946397293;0:00:04.972793;9;126;100.19378971256721;0:00:00.056670;12;116;23.447653834491106;0:00:00.048840;169;2310;32.55157008727245;0:00:00.559232;165;2126;27.45015099256322;0:00:00.505885;848;6621;28.45201538033372;0:00:04.820660;690;4406;23.411642696626103;0:00:02.166917;41;57;28.726568460346627;0:00:07.816414;45;47;23.241052946397293;0:00:05.052856;
28;72;59;32.11383773111;0:00:11.263767;59;52;25.08881976569499;0:00:07.369287;22;125;34.315822996008144;0:00:00.076543;16;131;36.62810344755968;0:00:00.055039;482;3029;32.410116155581186;0:00:00.849184;232;2398;26.566441573978047;0:00:00.623471;1398;7584;32.951357686913006;0:00:05.200027;1537;5262;25.062167259052284;0:00:02.843942;72;59;32.11383773111;0:00:11.359495;59;52;25.08881976569499;0:00:07.516513;
29;82;75;29.516479027887584;0:00:08.178261;85;82;23.90275137388694;0:00:05.343104;8;130;113.74714457209082;0:00:00.060031;8;129;58.697012410328696;0:00:00.050879;375;2421;30.041222838992496;0:00:00.662158;406;1976;23.84102996174301;0:00:00.541060;1008;5664;30.20178449532761;0:00:02.818254;994;4071;23.930275497389303;0:00:01.525146;82;75;29.516479027887584;0:00:08.527061;85;82;23.90275137388694;0:00:05.414562;
30;119;49;32.49874484402974;0:00:10.832730;89;61;25.883627033830365;0:00:07.381572;21;121;36.45348653666952;0:00:00.065293;15;130;40.35411806081518;0:00:00.054930;569;3021;32.500438923819715;0:00:00.925562;482;2464;26.24128971602875;0:00:00.699437;1975;6291;32.734531396899285;0:00:03.945286;1566;4526;26.047581003598623;0:00:02.115421;119;49;32.49874484402974;0:00:11.298744;89;61;25.883627033830365;0:00:07.524535;
31;60;56;29.653784644866324;0:00:08.026955;56;42;22.89309158830884;0:00:05.664273;11;145;71.45693700404723;0:00:00.059826;11;137;25.008480091274002;0:00:00.050153;369;2544;30.095684700389494;0:00:00.677718;201;2144;24.15661064964879;0:00:00.524004;1358;6265;29.959336546569542;0:00:03.799988;1263;4244;22.87754717738753;0:00:01.855523;60;56;29.653784644866324;0:00:08.229074;56;42;22.89309158830884;0:00:05.706977;
32;120;74;29.267107990490445;0:00:07.739236;142;50;23.158884884266726;0:00:05.272755;13;127;54.1424238564096;0:00:00.062237;12;136;56.80911936927893;0:00:00.048523;692;2197;29.24855965140864;0:00:00.637423;551;1752;22.823396854979293;0:00:00.498630;2240;5718;29.179820996620148;0:00:03.956251;1645;3844;22.943202980805044;0:00:01.982679;120;74;29.267107990490445;0:00:07.954772;142;50;23.158884884266726;0:00:05.319881;
33;97;105;32.76789791490416;0:00:07.021422;125;103;24.580278058932098;0:00:05.056987;10;148;143.97212418359476;0:00:00.057624;9;145;157.81062098720474;0:00:00.050926;306;2393;32.90061006257088;0:00:00.605761;435;1786;24.03877829639404;0:00:00.508711;1307;5865;30.152352257826898;0:00:03.055727;1130;4036;24.65116148658098;0:00:01.634302;97;105;32.76789791490416;0:00:07.192534;125;103;24.580278058932098;0:00:05.108348;
34;40;63;33.44367998161228;0:00:08.419751;43;55;25.61126026520968;0:00:06.003253;8;163;129.77003714929364;0:00:00.060435;13;145;27.923629332295793;0:00:00.052837;145;2635;39.746799109967725;0:00:00.648696;387;1916;25.505941394670053;0:00:00.534979;661;6551;34.57030811898297;0:00:04.257818;1053;4544;25.392051740395253;0:00:02.050368;40;63;33.44367998161228;0:15:16.567324;43;55;25.61126026520968;0:00:05.923630;
35;78;86;31.18072099814323;0:00:08.367223;89;67;24.361301457587082;0:00:05.766907;11;146;60.8715074748588;0:00:00.060081;13;123;56.153365105694796;0:00:00.053459;525;2443;31.09311000372462;0:00:00.584656;470;1925;24.077004822623547;0:00:00.471982;1884;5883;30.72909054153784;0:00:02.996549;1489;4239;24.504692469479565;0:00:01.622896;78;86;31.18072099814323;0:00:08.460753;89;67;24.361301457587082;0:00:05.817324;
36;72;145;26.971392384830423;0:00:23.156850;69;108;21.912196446344886;0:00:14.236697;8;129;55.42052936401952;0:00:00.190142;10;118;58.297561651631156;0:00:00.088866;127;3906;31.344814393278117;0:00:01.385380;255;2942;22.276123015324202;0:00:01.010039;1607;10820;27.476450856672567;0:00:10.746941;1529;7002;21.743687750387128;0:00:04.459339;72;145;26.971392384830423;0:00:23.652739;69;108;21.912196446344886;0:00:13.935732;
37;149;129;29.79889396735902;0:00:08.880282;139;112;24.03224913149853;0:00:05.732480;34;148;34.431872653938335;0:00:00.059796;30;132;24.359299992661526;0:00:00.048387;623;2466;29.78688587011455;0:00:00.615869;501;2010;22.447111756650663;0:00:00.499174;2348;5536;29.26156328879941;0:00:02.820556;1597;4073;22.182995925070028;0:00:01.360156;149;129;29.79889396735902;0:00:09.089223;139;112;24.03224913149853;0:00:05.743364;
38;149;97;30.39965398402982;0:16:54.460281;106;55;24.157970344257507;0:00:05.498231;10;139;42.88561049872546;0:00:00.061149;12;147;36.64428409032692;0:00:00.048575;543;2582;30.495980454736156;0:00:00.690592;478;2106;24.08312690990708;0:00:00.549485;2041;6234;30.421148789636412;0:00:03.089360;1447;4251;23.845929431572884;0:00:01.455130;149;97;30.39965398402982;0:00:09.247762;106;55;24.157970344257507;0:00:05.594671;
39;43;58;45.43046242078256;0:00:08.828266;46;59;38.18606908411691;0:16:53.433209;11;140;134.9818635846922;0:00:00.063073;7;140;132.86895562438644;0:00:00.051612;297;2714;46.746113031883596;0:00:00.644296;242;2217;43.00247915804165;0:00:00.517971;1726;6532;44.435086351684596;0:00:03.591776;1182;4633;38.09980809198292;0:00:01.727577;43;58;45.43046242078256;0:00:08.740002;46;59;38.18606908411691;0:00:05.611238;
40;54;79;47.970425257642745;0:00:10.679416;42;77;46.407884844112814;0:00:07.568341;8;142;92.75279796627348;0:00:00.064462;8;135;113.39558874638095;0:00:00.056049;192;3089;49.63888131195299;0:00:00.751320;145;2721;49.49158360114148;0:00:00.641230;1446;7040;47.74433795195653;0:16:03.602781;770;5515;46.25378866025773;0:00:02.109724;54;79;47.970425257642745;0:00:10.696069;42;77;46.407884844112814;0:00:07.567327;
41;54;87;33.782621939821745;0:00:11.465346;71;58;25.9843517427491;0:00:08.307186;27;123;38.75963520861343;0:00:00.064517;33;116;26.98682674693757;0:00:00.053590;391;2799;34.66962397936366;0:00:00.684581;462;2223;25.579212595590548;0:00:00.568823;2011;7116;33.05819548310005;0:00:04.730060;1480;5284;25.818342307963906;0:00:02.554551;54;87;33.782621939821745;0:00:11.874305;71;58;25.9843517427491;0:16:44.066811;
42;77;95;29.572805969363948;0:00:07.773668;92;82;22.781810553833246;0:00:04.792296;8;142;93.20374996019224;0:00:00.060134;9;142;71.55207339581652;0:00:00.048886;448;2487;28.65242356563988;0:00:00.585196;543;1911;22.726405075454743;0:00:00.472413;2254;6174;28.615527657046805;0:00:02.918940;1581;4075;22.13800623354901;0:00:01.264301;77;95;29.572805969363948;0:00:07.637503;92;82;22.781810553833246;0:00:04.905269;
43;71;87;29.124239671790214;0:00:08.495477;66;69;22.04584815451226;0:16:20.319921;7;153;113.95311545911846;0:00:00.060239;9;147;83.67134713612592;0:00:00.048885;182;2678;31.26124413441315;0:00:00.584621;190;2201;26.48834290334953;0:00:00.491791;1948;6298;28.436414892394435;0:00:03.251851;1291;4444;21.621955744848183;0:00:01.543002;71;87;29.124239671790214;0:00:08.404566;66;69;22.04584815451226;0:00:05.543245;
44;38;69;40.61186742008333;0:00:10.465351;30;73;34.48788736411708;0:00:06.938086;8;138;79.5223366531851;0:00:00.066127;8;137;66.87982002738774;0:00:00.053953;20;3205;50.65141971778721;0:00:00.745983;19;2566;51.619029355280446;0:00:00.566803;257;7979;44.95492446217986;0:16:39.977069;361;5420;32.224927688339164;0:00:01.946793;38;69;40.61186742008333;0:00:10.296706;30;73;34.48788736411708;0:00:06.855208;
45;22;83;38.17937376509406;0:00:06.822159;26;61;29.978095347545974;0:00:04.477439;8;159;153.30866867620853;0:00:00.057965;8;135;170.0798979813658;0:00:00.047575;9;2302;82.22764846217432;0:00:00.508744;19;1945;50.070801042894075;0:00:00.429245;332;6635;34.979397580518985;0:00:02.848470;62;4808;38.43083419064248;0:00:01.326778;22;83;38.17937376509406;0:00:06.950437;26;61;29.978095347545974;0:00:04.568638;
46;36;88;36.08082013677254;0:17:08.066442;34;50;27.442525902736143;0:00:06.415254;8;149;117.69031293745266;0:00:00.064677;9;145;59.645572477122656;0:00:00.051604;15;2873;50.90923692332402;0:00:00.622663;8;2368;65.15784503635314;0:00:00.500758;27;7819;55.74807849674823;0:00:03.915720;208;5384;29.524769426532874;0:00:01.909665;36;88;36.08082013677254;0:00:09.525847;34;50;27.442525902736143;0:00:06.506355;
47;67;68;34.52115349733669;0:16:01.804878;71;47;25.157831882484725;0:00:06.176607;9;141;95.44712767975453;0:00:00.060578;8;144;173.65969765487296;0:00:00.051442;22;2785;40.541161915812474;0:00:00.599633;25;2202;44.020351803672284;0:00:00.474208;1098;6427;32.75375750635886;0:00:03.287139;916;4681;25.219412063620414;0:00:01.725254;67;68;34.52115349733669;0:00:09.870384;71;47;25.157831882484725;0:00:06.055013;
48;48;65;37.523035192828786;0:00:09.770355;37;39;29.95251315040687;0:00:06.588723;7;151;150.84175757835897;0:00:00.063391;9;129;116.36295953731614;0:00:00.053568;8;3009;69.04598869321164;0:15:35.450492;9;2381;56.34265688757319;0:00:00.588001;69;7972;47.29666196358178;0:00:03.935521;277;5437;30.928132109146645;0:00:01.958386;48;65;37.523035192828786;0:00:09.682456;37;39;29.95251315040687;0:00:06.625570;
49;37;63;29.449191452477844;0:00:05.042790;37;53;22.582024061886873;0:00:03.507893;8;139;143.56617018890338;0:00:00.054090;7;141;48.20938466203558;0:00:00.045034;20;2068;57.544579844673585;0:00:00.441744;129;1535;22.42027786508562;0:00:00.366830;623;6142;29.586717915984167;0:00:02.351128;572;4153;22.819289386489732;0:00:01.116732;37;63;29.449191452477844;0:00:05.137019;37;53;22.582024061886873;0:00:03.592284;
50;46;53;28.048949698222565;0:04:08.707367;48;55;22.346774740695714;0:00:04.046239;12;145;70.12419605633178;0:00:00.051698;10;119;52.76759260669518;0:00:00.046082;91;1968;35.80480974660111;0:00:00.438007;166;1534;25.889087966148868;0:00:00.384620;1137;5954;27.80171997214149;0:00:02.624089;1008;3837;22.25118904047376;0:00:01.233293;46;53;28.048949698222565;0:00:05.348273;48;55;22.346774740695714;0:00:04.095576;
51;22;56;46.052498473458954;0:00:10.996005;15;38;48.334207257889204;0:00:07.663235;8;135;76.6546846463894;0:00:00.063190;7;117;104.386996501071;0:00:00.053071;8;3006;68.8767039451913;0:00:00.724417;9;2407;59.249998961536704;0:00:00.559046;211;7652;51.886382423108714;0:00:04.258365;25;5668;58.77957024234964;0:00:02.295863;22;56;46.052498473458954;0:00:11.278321;15;38;48.334207257889204;0:15:49.514670;
52;28;86;39.716284212173285;0:00:07.750081;28;72;30.572381584030374;0:00:05.193269;8;131;84.26566729574465;0:00:00.056201;8;134;144.47102756635434;0:00:00.047570;11;2263;58.13216314673763;0:00:00.543448;16;1839;47.11675512066251;0:00:00.423913;25;6011;54.39626651675872;0:00:02.308399;47;4383;45.58462852783289;0:00:01.225345;28;86;39.716284212173285;0:00:07.796401;28;72;30.572381584030374;0:00:05.198212;
53;65;68;38.62304959285316;0:15:22.786684;53;63;30.85528875510405;0:00:06.241901;8;134;124.20834689104859;0:00:00.056711;6;126;110.27750923886178;0:00:00.051401;10;2896;58.33022786653947;0:00:00.702283;34;2397;39.98724767072683;0:00:00.548801;365;5853;39.974106956181004;0:00:02.142917;414;4252;31.591850693901176;0:00:01.101055;65;68;38.62304959285316;0:00:08.813467;53;63;30.85528875510405;0:00:06.168051;
54;36;71;39.625099519399186;0:00:07.783379;38;74;31.28886171961214;0:00:05.311066;8;125;142.48826536475678;0:00:00.057534;7;115;150.41160738887405;0:00:00.050810;8;2761;115.5005503855468;0:00:00.653495;7;2269;43.266004450161375;0:00:00.517327;50;5601;53.32680647613404;0:00:01.772193;72;4091;38.38609373031247;0:00:00.926337;36;71;39.625099519399186;0:15:23.833266;38;74;31.28886171961214;0:00:05.239685;
55;45;92;43.52563135106844;0:00:09.535845;35;93;35.63179206918658;0:00:06.347523;8;136;129.71915867857624;0:00:00.060375;9;132;72.08381368030007;0:00:00.051350;9;3176;82.44173805524902;0:00:00.748978;8;2514;62.789780413474546;0:00:00.590188;181;6081;46.11597627319062;0:00:02.191653;332;4017;35.332351870133934;0:00:01.096465;45;92;43.52563135106844;0:00:09.538231;35;93;35.63179206918658;0:00:06.433227;
56;37;68;47.920339480574505;0:16:33.505792;33;66;36.9828978941349;0:00:09.042203;9;131;123.752719043063;0:00:00.063293;7;131;135.85278328932557;0:00:00.056570;23;3882;66.7649507560705;0:00:01.029101;21;3142;46.11859181607846;0:00:00.763848;188;7263;49.71255543663228;0:00:03.187639;97;5380;39.91644939706821;0:00:01.686690;37;68;47.920339480574505;0:00:12.897468;33;66;36.9828978941349;0:00:09.158513;
57;14;71;26.152398331772723;0:00:09.147116;21;62;20.488494945212405;0:00:04.491544;20;133;27.293269503272747;0:00:00.091524;23;128;21.745245620279913;0:00:00.075795;42;2916;37.06810983365339;0:00:00.962436;75;2314;22.899687009003166;0:00:00.848736;339;5258;25.68845832946015;0:00:01.978920;299;3644;20.508823205998183;0:00:01.069706;14;71;26.152398331772723;0:00:09.461991;21;62;20.488494945212405;0:00:04.590877;
58;23;93;43.44712006435703;0:00:07.625942;24;81;34.06536157215035;0:00:05.818312;7;131;118.07374058633022;0:00:00.057252;7;129;153.27419100247707;0:00:00.050145;9;2917;57.652743412335006;0:00:00.674109;9;2462;90.32444362598152;0:00:00.549721;192;5867;41.83139717621061;0:00:02.129153;116;4658;36.579033979903656;0:00:01.262796;23;93;43.44712006435703;0:00:07.689936;24;81;34.06536157215035;0:00:05.901469;
59;8;62;67.04891715970597;0:00:09.482819;14;55;31.655032877747946;0:00:05.969336;8;141;136.17151190563553;0:00:00.060234;10;130;71.16987805671671;0:00:00.049880;8;2717;71.96271570613428;0:00:00.620417;12;2337;63.31250060577025;0:00:00.553350;26;7017;67.40035667752669;0:00:03.255383;15;4789;55.664180354766756;0:00:01.440665;8;62;67.04891715970597;0:00:08.830656;14;55;31.655032877747946;0:00:05.961452;
60;26;78;40.114684424850566;0:00:09.131379;35;66;32.19485517590876;0:00:05.301939;9;127;128.02875366404467;0:00:00.060535;8;116;150.93278719394755;0:00:00.048794;12;2938;64.86151261179057;0:15:02.001596;15;2468;61.91259254438738;0:00:00.596049;110;5735;52.10462517705799;0:00:02.237318;104;4181;40.199266567989575;0:00:01.086790;26;78;40.114684424850566;0:00:09.246216;35;66;32.19485517590876;0:00:05.181082;
61;27;53;35.56783380710337;0:00:07.753667;34;48;28.801836280030628;0:00:03.977536;9;130;73.07654789877337;0:00:00.054386;8;137;78.06225379766028;0:00:00.043662;9;2396;54.917913630315375;0:00:00.524231;12;2060;49.49968499946692;0:00:00.466809;42;5668;49.510575710205046;0:00:01.965840;240;3784;29.55878186870778;0:00:00.878642;27;53;35.56783380710337;0:00:07.739632;34;48;28.801836280030628;0:00:04.064214;
62;25;58;43.87811763989139;0:00:10.899578;28;37;34.79303980360582;0:00:07.012104;8;110;130.0824629857066;0:00:00.060413;8;119;155.61791266108295;0:00:00.051650;20;3125;67.8455092000925;0:00:00.727334;17;2814;74.7635640614161;0:00:00.642283;98;6383;64.55993663989277;0:00:02.331858;391;4615;34.925244488875286;0:00:01.395940;25;58;43.87811763989139;0:00:10.541942;28;37;34.79303980360582;0:00:06.910580;
63;34;92;41.45098453243536;0:00:07.290002;30;67;33.94309221138682;0:00:04.296711;7;146;136.16070011810788;0:00:00.055490;10;160;157.60481002352466;0:00:00.045445;8;2355;80.07236081476445;0:00:00.530353;18;1945;62.36064099493091;0:00:00.451686;274;5551;43.07395381746031;0:00:02.112974;69;3645;36.721486913285545;0:00:00.897509;34;92;41.45098453243536;0:00:07.334310;30;67;33.94309221138682;0:00:04.323070;
64;34;93;39.46639048158389;0:00:07.636041;27;77;31.257146358247685;0:15:20.778279;9;143;129.73294324036547;0:00:00.057387;11;131;57.74439195204792;0:00:00.043942;9;2434;73.1174882757494;0:00:00.553059;9;1962;54.96667502052696;0:00:00.447948;75;5678;46.842056655788184;0:00:01.944234;257;3440;31.602177172915216;0:00:00.840679;34;93;39.46639048158389;0:00:07.578995;27;77;31.257146358247685;0:00:04.266035;
65;45;68;38.297536349676896;0:00:06.857898;48;59;31.2147569788195;0:00:04.209522;7;132;59.96055016400797;0:00:00.052569;8;118;169.07542843534043;0:00:00.044791;14;2059;67.04070222272684;0:00:00.465378;15;1694;59.7878017947415;0:00:00.390438;211;5457;42.28321040235607;0:00:01.941168;261;3725;31.656531726438306;0:00:00.989380;45;68;38.297536349676896;0:00:06.949622;48;59;31.2147569788195;0:00:04.320255;
66;50;79;34.672258906899685;0:00:06.603519;35;94;27.163865354233675;0:00:04.666123;8;150;86.01933203271575;0:00:00.053900;9;136;164.33130025296967;0:00:00.047355;14;2405;61.003741237100556;0:00:00.521131;63;1856;29.42255833048333;0:00:00.422989;142;5575;39.97104348945821;0:00:01.940416;441;4058;27.575782205169887;0:00:01.208252;50;79;34.672258906899685;0:00:06.610998;35;94;27.163865354233675;0:00:04.682343;
67;64;81;35.88505180547229;0:16:01.073712;46;81;28.548930313574377;0:00:04.341819;9;161;92.55039385451268;0:00:00.054180;8;156;132.3315605611025;0:00:00.046537;9;2462;58.1332916101858;0:00:00.519876;46;1856;44.39348689667013;0:00:00.425407;360;5033;35.86322607622874;0:00:01.681771;464;3549;28.043233996242147;0:00:00.987600;64;81;35.88505180547229;0:00:06.615971;46;81;28.548930313574377;0:00:04.324343;
68;61;57;36.2312588528996;0:00:07.518360;63;72;29.235453552306012;0:00:04.561350;8;136;58.92386194807407;0:00:00.057547;10;126;67.5849622207053;0:00:00.046113;8;2324;54.5395405284532;0:00:00.501356;23;1874;56.432000038769296;0:00:00.438401;653;5381;36.0290963569323;0:00:02.270553;577;3903;28.97062671952214;0:00:01.149134;61;57;36.2312588528996;0:00:07.496539;63;72;29.235453552306012;0:00:04.638928;
69;43;78;32.50176746452956;0:00:05.757090;59;63;26.630097297087733;0:00:03.648038;12;137;52.11537396447902;0:00:00.051360;13;125;64.27720185372621;0:00:00.046183;38;2235;45.41078631056145;0:00:00.513683;65;1831;41.11291488339442;0:00:00.432636;707;3911;32.27665146817941;0:00:01.257284;489;3014;26.505400009138476;0:00:00.747274;43;78;32.50176746452956;0:15:02.025039;59;63;26.630097297087733;0:00:03.721590;
70;30;63;36.85632237223786;0:00:07.520159;31;65;29.038423141946854;0:00:04.588763;9;144;83.40688030395128;0:00:00.054109;8;134;160.57873074862127;0:00:00.046460;8;2502;95.00996440147821;0:00:00.545571;10;1946;46.58101606018103;0:00:00.439471;211;4839;37.426105028793124;0:00:01.576216;49;3886;41.5549720930297;0:00:00.923596;30;63;36.85632237223786;0:00:07.362677;31;65;29.038423141946854;0:00:04.588581;
71;46;61;36.77217153752106;0:00:06.928044;46;46;28.76471814029224;0:00:03.988733;7;133;69.44856214372055;0:00:00.052639;7;112;124.99797707349967;0:00:00.046125;12;2190;61.38090487537748;0:00:00.483414;22;1764;52.245231030390975;0:00:00.405291;384;4706;36.06176710452895;0:00:01.447704;258;3333;31.466995559530947;0:00:00.752214;46;61;36.77217153752106;0:00:07.118678;46;46;28.76471814029224;0:00:04.059263;
72;27;43;35.31660668964209;0:00:05.398182;22;33;26.84594466236789;0:00:03.157666;8;138;158.45278315086378;0:00:00.049690;8;133;100.73735186321085;0:00:00.040854;11;2025;66.19436571354197;0:00:00.454036;16;1658;36.06689919013709;0:00:00.388113;222;4524;37.99617430121805;0:00:01.336470;405;3048;28.181492922526484;0:00:00.710144;27;43;35.31660668964209;0:00:05.424331;22;33;26.84594466236789;0:00:03.173724;
73;46;62;34.548615313041296;0:00:07.964624;46;47;26.57704636115538;0:00:05.171947;8;132;141.81350099207862;0:00:00.055587;12;127;41.30362520613497;0:00:00.048247;115;2480;35.08343221811606;0:00:00.554995;32;1867;44.28016285873714;0:00:00.421261;380;5900;36.96851656210495;0:00:02.375045;245;4059;27.73786624869673;0:00:01.161004;46;62;34.548615313041296;0:00:07.957086;46;47;26.57704636115538;0:00:05.177497;
74;26;84;44.38912742775411;0:00:08.337021;38;85;38.513753407890384;0:00:06.309547;7;137;117.12940083437064;0:00:00.057701;7;139;50.719182217077595;0:00:00.051367;9;3046;84.60892372279399;0:17:49.115572;8;2476;69.89972113798962;0:00:00.609499;54;6118;58.72924354179676;0:00:02.194843;156;4484;39.208580199135724;0:00:01.184023;26;84;44.38912742775411;0:00:08.143716;38;85;38.513753407890384;0:00:06.182527;
75;31;89;44.237959710393355;0:00:08.842481;41;81;35.394359205838654;0:00:06.780671;8;145;137.53638083079832;0:00:00.058058;9;144;141.33391856509294;0:00:00.052793;8;2998;82.85801368279239;0:00:00.699028;17;2608;58.13140714545825;0:00:00.604223;155;6038;45.717466675712835;0:00:02.290262;201;4519;35.72161706735196;0:00:01.268455;31;89;44.237959710393355;0:15:09.856496;41;81;35.394359205838654;0:00:06.866205;
76;38;67;41.859857993605836;0:00:11.114135;37;46;33.62438505665163;0:00:08.372883;7;136;139.11156349649207;0:00:00.059027;7;120;90.255745817416;0:00:00.051703;12;2880;67.28990918292324;0:00:00.656017;12;2403;62.75149573330047;0:00:00.559078;24;6876;68.6888334734105;0:00:03.214274;141;5333;37.80272312768529;0:00:01.907906;38;67;41.859857993605836;0:08:29.435896;37;46;33.62438505665163;0:00:09.780890;
77;44;105;44.543614073808435;0:00:09.193616;39;75;35.52621358282298;0:00:07.223133;8;133;130.20410511463942;0:00:00.073147;8;128;146.68899893522897;0:00:00.058867;15;3075;88.5431121498821;0:00:00.762591;8;2527;69.22568784347173;0:00:00.596589;153;5992;54.19486417592399;0:00:02.256632;125;4323;48.77557977405808;0:00:01.212342;44;105;44.543614073808435;0:00:09.599011;39;75;35.52621358282298;0:00:06.713326;
78;29;96;36.59641508624092;0:00:07.035793;30;77;28.209005969087023;0:00:04.745650;9;135;77.56291841416963;0:00:00.054449;7;136;142.6358309990986;0:00:00.047537;33;2555;58.52453819537233;0:00:00.583233;44;2043;43.28120478357732;0:00:00.486385;137;5445;43.94575898513059;0:00:01.836839;286;3777;29.009065784572865;0:00:00.916567;29;96;36.59641508624092;0:00:07.180206;30;77;28.209005969087023;0:00:04.749744;
79;16;75;39.54000229846543;0:00:09.551347;14;43;30.458384621881667;0:00:05.875667;10;128;133.47974511956866;0:00:00.070741;8;127;148.99490460676165;0:00:00.047565;8;2446;80.34403250528578;0:00:00.546196;10;2145;62.878940102821716;0:00:00.491239;76;6206;43.4159834732028;0:00:02.695022;149;4511;32.5965687788087;0:00:01.367952;16;75;39.54000229846543;0:00:09.559950;14;43;30.458384621881667;0:00:05.924322;
80;22;58;36.06433903195836;0:00:06.187908;21;56;31.200464954633;0:00:04.062831;7;135;115.68789885644422;0:00:00.052412;9;127;146.80404751454194;0:00:00.047600;54;2242;38.71924175563989;0:00:00.505785;39;1885;40.61950497146995;0:00:00.431751;271;4742;35.3528995972147;0:00:01.555721;364;3312;27.44029459126777;0:00:00.767785;22;58;36.06433903195836;0:00:06.140382;21;56;31.200464954633;0:00:04.133138;
81;19;67;38.21247166725974;0:00:08.615822;33;55;30.769665379433718;0:00:05.981178;9;142;139.38312510990403;0:00:00.053953;12;120;53.657695497638535;0:00:00.047347;15;2156;64.98017088951997;0:00:00.500787;15;1949;65.94420475173112;0:00:00.463591;105;6345;43.01362948460374;0:00:02.855410;125;4569;34.05587624840596;0:00:01.389828;19;67;38.21247166725974;0:00:08.682851;33;55;30.769665379433718;0:00:06.056835;
82;32;95;42.38309949447607;0:00:10.488751;50;119;33.672256137664235;0:00:07.767499;9;150;120.29283695710869;0:00:00.059807;8;143;158.9789406566688;0:00:00.052096;74;2883;51.674531756899896;0:00:00.665379;28;2462;58.29958627622293;0:00:00.566193;490;6911;41.83147056095018;0:00:03.257639;423;4921;35.03317751768503;0:00:01.654187;32;95;42.38309949447607;0:00:10.669205;50;119;33.672256137664235;0:00:07.768793;
83;40;105;44.9270645688785;0:00:08.486699;25;89;34.75210150355639;0:00:05.887339;8;155;81.89264643370934;0:00:00.060553;8;131;113.49346598894245;0:00:00.050411;10;2898;70.70270941996979;0:00:00.653188;10;2359;64.57430897190748;0:00:00.536221;183;7177;71.47746326955323;0:00:03.156600;81;5017;58.17924499564538;0:00:01.478337;40;105;44.9270645688785;0:00:08.570765;25;89;34.75210150355639;0:00:05.914586;
84;31;86;41.45643161857659;0:00:07.145828;25;69;31.93049634391689;0:00:04.850119;8;155;141.84578820056464;0:00:00.055981;8;148;57.886890577814825;0:00:00.049481;8;2716;66.80499459306778;0:00:00.610016;19;2187;37.99171583213449;0:00:00.486594;125;5539;45.06238810557987;0:00:01.951607;152;4054;34.737279170780134;0:00:01.082830;31;86;41.45643161857659;0:00:07.020809;25;69;31.93049634391689;0:00:04.835456;
85;35;86;36.99826230475159;0:00:08.672920;41;78;28.11267811376296;0:00:05.223009;7;153;127.93436081199522;0:00:00.057650;8;146;65.23345970277796;0:00:00.049856;11;2693;75.32685770698997;0:00:00.590544;12;2238;60.55339362881999;0:00:00.488013;247;6019;38.96134078073055;0:00:02.350088;174;4372;29.62976014267101;0:00:01.237936;35;86;36.99826230475159;0:00:08.651464;41;78;28.11267811376296;0:00:05.198980;
86;67;106;39.13239230097159;0:00:08.174179;69;95;30.396584286527254;0:00:05.498314;8;144;151.60441540747223;0:00:00.057622;13;139;56.978299578660824;0:00:00.049883;19;2675;54.65783672864677;0:00:00.602979;33;2133;50.61506865627003;0:00:00.488792;507;6091;39.809619908587536;0:00:02.422842;593;4083;29.535817291383108;0:00:01.198369;67;106;39.13239230097159;0:00:08.222249;69;95;30.396584286527254;0:00:05.519611;
87;29;94;42.5126117905738;0:00:06.133349;35;69;32.39818144307629;0:00:03.822256;10;144;143.47609526723815;0:00:00.054112;9;129;112.49759768824224;0:00:00.043372;16;2243;57.13381776492237;0:00:00.477736;28;1799;69.2205093731697;0:00:00.401235;347;5475;41.62116443581674;0:00:02.322872;274;3694;29.98749482499124;0:00:01.077883;29;94;42.5126117905738;0:00:06.200498;35;69;32.39818144307629;0:00:03.860234;
88;40;55;36.602438865665775;0:00:08.238560;42;41;28.25582543293535;0:00:05.591559;7;138;143.85533790903338;0:00:00.058394;8;133;103.44385928960803;0:00:00.049054;12;2545;66.07291535416445;0:00:00.576928;17;2218;58.777192853710986;0:00:00.495835;462;6389;36.806887365501694;0:00:02.996514;466;4508;29.123068977501347;0:00:01.535212;40;55;36.602438865665775;0:00:08.234860;42;41;28.25582543293535;0:00:05.611480;
89;16;68;42.427402415604085;0:00:11.031140;22;59;33.99825330473636;0:00:06.707482;8;134;133.65708349660284;0:00:00.060985;8;135;166.96104516484567;0:00:00.051203;9;2815;73.11942258671515;0:00:00.637948;11;2352;48.67712791513955;0:00:00.526301;61;7338;70.94725644920322;0:00:03.794390;31;5071;74.0040050067777;0:00:01.817878;16;68;42.427402415604085;0:00:10.994572;22;59;33.99825330473636;0:00:06.718416;
90;23;31;30.146574248048726;0:00:13.205163;31;25;23.975708958892085;0:00:06.523543;15;129;49.096287701409956;0:00:00.055323;16;118;43.49581014675563;0:00:00.048055;9;1811;59.38079964443017;0:00:00.409744;14;1503;46.58714991671524;0:00:00.366557;19;7288;63.09077969208871;0:00:04.010242;230;4866;24.47578788210257;0:00:01.970574;23;31;30.146574248048726;0:00:13.545316;31;25;23.975708958892085;0:00:06.708226;
91;29;39;22.09697377949409;0:00:03.375340;25;34;18.309018292184803;0:00:02.357260;10;109;28.52049788084257;0:00:00.046270;9;121;41.9194706329503;0:00:00.039553;77;1103;23.597044394998207;0:00:00.327303;133;927;17.89194166328589;0:00:00.301541;976;5202;21.45434015349872;0:00:02.505493;905;3405;18.338248957036697;0:00:01.069779;29;39;22.09697377949409;0:00:03.465331;25;34;18.309018292184803;0:00:02.403599;
92;25;50;27.067796422424713;0:00:06.078666;17;33;20.98450543531689;0:00:04.068639;8;137;143.50569839425881;0:00:00.055269;9;134;48.45925070027042;0:00:00.045251;84;2032;28.14383339725652;0:00:00.490057;42;1732;26.802493281142475;0:00:00.426965;815;6094;26.368694623944748;0:00:02.816511;505;4105;20.870615088733228;0:00:01.214505;25;50;27.067796422424713;0:00:06.040230;17;33;20.98450543531689;0:00:04.127354;
93;18;43;26.68327977170423;0:00:04.470712;23;31;21.81462599398245;0:00:03.158816;10;125;84.92545702769651;0:00:00.052689;9;123;37.926294029112974;0:00:00.043373;9;1932;63.200635262613524;0:00:00.436796;77;1559;22.482337816263996;0:00:00.394156;616;5886;26.858818145692247;0:00:02.754791;418;3929;21.161337042262687;0:00:01.197739;18;43;26.68327977170423;0:00:04.546738;23;31;21.81462599398245;0:00:03.190842;
94;27;30;26.17465844942199;0:00:05.957449;33;34;20.477900808755216;0:00:03.517458;15;151;43.65490480060812;0:00:00.060501;29;132;24.170888827658015;0:00:00.047517;96;1713;28.044304998054614;0:00:00.451574;80;1421;21.847419972556878;0:00:00.354901;125;6725;36.377660023732346;0:00:03.380422;520;4474;20.762809444754446;0:00:01.555870;27;30;26.17465844942199;0:00:06.009781;33;34;20.477900808755216;0:00:03.526196;
95;36;41;24.37138978235194;0:00:04.803206;46;57;19.754619430894422;0:00:03.186954;10;123;67.95746454340153;0:00:00.050854;11;123;22.913266160911963;0:00:00.044115;116;1654;25.28963918246631;0:00:00.382875;186;1295;19.722429837958188;0:00:00.342349;859;5379;24.826330859944534;0:00:02.573666;670;3576;19.527576046667157;0:00:01.188673;36;41;24.37138978235194;0:00:04.884325;46;57;19.754619430894422;0:00:03.236370;
96;28;48;28.215719288140335;0:00:05.375706;39;40;21.62821906313995;0:00:04.051886;9;140;144.27868201007726;0:00:00.056673;18;136;22.286953716383213;0:00:00.046907;205;1791;27.94253074889819;0:00:00.418249;182;1615;22.33610210724972;0:00:00.382036;1247;5860;27.0694309636524;0:00:03.331051;714;4379;21.72220552988628;0:00:01.679264;28;48;28.215719288140335;0:00:05.474596;39;40;21.62821906313995;0:00:04.089581;
97;61;59;26.22821892467818;0:00:08.122035;61;48;20.726605845025276;0:00:05.583448;9;159;53.7157698266874;0:00:00.057747;8;133;161.76673345139508;0:00:00.049746;399;2245;26.30959913932162;0:00:00.580599;401;1770;20.647356557064942;0:00:00.470930;1988;5000;26.166400589293303;0:00:02.299657;1647;3655;21.001563925723566;0:00:01.228069;61;59;26.22821892467818;0:00:08.115738;61;48;20.726605845025276;0:00:05.925749;
98;83;57;26.98422020406496;0:00:07.750853;93;55;21.490478676194684;0:00:05.210834;16;127;28.65389264504909;0:00:00.058397;20;107;28.200398492982064;0:00:00.048508;496;2219;27.039117527737353;0:00:00.593884;453;1676;21.702261496134838;0:00:00.461777;2194;5474;27.15727872770246;0:00:02.695109;1476;4043;21.472156029802512;0:00:01.491948;83;57;26.98422020406496;0:00:07.877193;93;55;21.490478676194684;0:00:05.218518;
99;45;52;39.37398040212068;0:00:22.212418;61;56;29.663656276956775;0:00:14.486792;14;127;54.35040520837804;0:00:00.069180;9;139;53.04062537644295;0:00:00.058673;162;3303;45.99178921687406;0:00:00.824595;184;2692;31.29061603027328;0:00:00.668148;1325;9847;37.06431964731017;0:00:08.453195;715;7488;32.77624646749402;0:00:04.388950;45;52;39.37398040212068;0:00:22.531191;61;56;29.663656276956775;0:00:14.522630;
100;171;115;29.766999990307674;0:00:12.476572;255;116;22.703796344886122;0:00:08.649863;21;120;34.01756941434824;0:00:00.060373;21;130;23.405811379065412;0:00:00.052780;1199;2119;30.139330620405666;0:00:00.652256;1209;1860;22.664010046786235;0:00:00.565323;4134;5813;28.967174867526698;0:00:04.319321;3678;4060;22.565853803752592;0:00:02.387664;171;115;29.766999990307674;0:00:12.612643;255;116;22.703796344886122;0:00:08.730130;